{"cameraMode":{"drawMode":0,"name":"Shaded","section":"Shading Mode"},"sceneLighting":true,"audioPlay":false,"sceneViewState":{"showFog":true,"showMaterialUpdate":false,"showSkybox":true,"showFlares":true,"showImageEffects":true,"showParticleSystems":true,"showVisualEffectGraphs":true,"m_FxEnabled":true},"in2DMode":false,"pivot":{"x":1.0756595134735108,"y":-13.962376594543457,"z":-3.4058289527893068},"rotation":{"x":0.14583422243595124,"y":0.14193622767925263,"z":-0.021146442741155626,"w":0.97884601354599},"size":2.6505942344665529,"orthographic":true}