{"cameraMode":{"drawMode":0,"name":"Shaded","section":"Shading Mode"},"sceneLighting":true,"audioPlay":false,"sceneViewState":{"showFog":true,"showMaterialUpdate":false,"showSkybox":true,"showFlares":true,"showImageEffects":true,"showParticleSystems":true,"showVisualEffectGraphs":true,"m_FxEnabled":true},"in2DMode":false,"pivot":{"x":23.74681854248047,"y":-34.14912414550781,"z":61.61745834350586},"rotation":{"x":0.0006556839216500521,"y":0.9939931035041809,"z":-0.10927935689687729,"w":0.0059640309773385529},"size":76.32770538330078,"orthographic":false}