{"cameraMode":{"drawMode":0,"name":"Shaded","section":"Shading Mode"},"sceneLighting":true,"audioPlay":false,"sceneViewState":{"showFog":true,"showMaterialUpdate":false,"showSkybox":true,"showFlares":true,"showImageEffects":true,"showParticleSystems":true,"showVisualEffectGraphs":true,"m_FxEnabled":true},"in2DMode":false,"pivot":{"x":-0.49848103523254397,"y":2.8978826999664308,"z":1.2321548461914063},"rotation":{"x":0.12417849153280258,"y":0.0014883889816701413,"z":-0.00018626773089636117,"w":0.992258608341217},"size":2.11533522605896,"orthographic":true}